{
  "1_state": "readOk",
  "2_ioNum": "all",
  "3_gpio": "all",
  "4_val": {
    "UI1": {
      "val": 0.1963369995355606
    },
    "UI2": {
      "val": 0.6065934300422668
    },
    "UI3": {
      "val": 0.6090354323387146
    },
    "UI4": {
      "val": 0.21294261515140533
    },
    "UI5": {
      "val": 0.6759462952613831
    },
    "UI6": {
      "val": 0.5973138213157654
    },
    "UI7": {
      "val": 0.0
    }
  },
  "5_msg": "read UIs ok",
  "6_min_range": {
    "UI1": 0,
    "UI2": 0,
    "UI3": 0,
    "UI4": 0,
    "UI5": 0,
    "UI6": 0,
    "UI7": 0
  },
  "7_max_range": {
    "UI1": 1,
    "UI2": 1,
    "UI3": 1,
    "UI4": 1,
    "UI5": 1,
    "UI6": 1,
    "UI7": 1
  }
}